date,symbol,horizon,price,exp,q05,q50,q95,pUp,score
2026-09-29,^GSPC,5,7670.84,0.0018,-0.0265,0.002,0.0315,0.543,-0.008
2026-09-29,^GSPC,20,7670.84,0.0077,-0.0544,0.0075,0.0725,0.577,-0.038
2026-09-29,^GSPC,60,7670.84,0.0209,-0.0946,0.0188,0.1421,0.612,-0.076
2026-09-29,^IXIC,5,26797.5,0.0023,-0.0364,0.0025,0.0428,0.54,0.046
2026-09-29,^IXIC,20,26797.5,0.0077,-0.074,0.0065,0.0987,0.551,0.003
2026-09-29,^IXIC,60,26797.5,0.0232,-0.133,0.0229,0.1907,0.593,-0.062
2026-09-29,^DJI,5,51349.9,0.0016,-0.0262,0.0017,0.0299,0.541,-0.116
2026-09-29,^DJI,20,51349.9,0.007,-0.0539,0.0074,0.0691,0.578,-0.125
2026-09-29,^DJI,60,51349.9,0.0203,-0.0935,0.0195,0.1373,0.616,-0.128
2026-09-29,^RUT,5,2807.92,0.0014,-0.0417,0.0016,0.0458,0.524,-0.131
2026-09-29,^RUT,20,2807.92,0.0074,-0.0854,0.006,0.1065,0.538,-0.1
2026-09-29,^RUT,60,2807.92,0.0221,-0.146,0.0196,0.2058,0.57,-0.048
2026-09-29,^GSPTSE,5,35460.3,0.0014,-0.0261,0.0012,0.0292,0.528,-0.021
2026-09-29,^GSPTSE,20,35460.3,0.0052,-0.0526,0.0059,0.0655,0.561,-0.019
2026-09-29,^GSPTSE,60,35460.3,0.0151,-0.0881,0.0131,0.12,0.581,0.005
2026-09-29,^BVSP,5,183828,0.0032,-0.0315,0.0028,0.0388,0.553,0.007
2026-09-29,^BVSP,20,183828,0.0113,-0.0591,0.0104,0.0861,0.596,-0.018
2026-09-29,^BVSP,60,183828,0.0341,-0.0875,0.0305,0.1651,0.661,-0.017
2026-09-30,^KS11,5,6897.3,0.0017,-0.0571,0.0011,0.061,0.511,0.046
2026-09-30,^KS11,20,6897.3,0.0085,-0.1169,0.0064,0.1425,0.533,0.09
2026-09-30,^KS11,60,6897.3,0.0147,-0.2165,0.0026,0.2874,0.509,0.15
2026-09-30,^KQ11,5,859.9,0.0007,-0.0489,-0.0002,0.0535,0.498,-0.063
2026-09-30,^KQ11,20,859.9,0.0016,-0.1201,-0.0028,0.1385,0.488,-0.093
2026-09-30,^KQ11,60,859.9,0.0053,-0.227,-0.0083,0.2849,0.48,-0.122
2026-09-30,^N225,5,66281.6,0.0014,-0.0475,0.0004,0.053,0.506,0.093
2026-09-30,^N225,20,66281.6,0.0048,-0.1012,0.0026,0.1184,0.515,0.12
2026-09-30,^N225,60,66281.6,0.0178,-0.1782,0.0114,0.2403,0.537,0.162
2026-09-30,000001.SS,5,3837.87,-0.0002,-0.0341,-0.0008,0.0354,0.487,-0.132
2026-09-30,000001.SS,20,3837.87,0.0016,-0.0708,0.0005,0.0766,0.506,-0.085
2026-09-30,000001.SS,60,3837.87,0.0121,-0.1182,0.0098,0.1468,0.549,0.014
2026-09-30,^HSI,5,24460.3,0.001,-0.0377,0.0011,0.0395,0.522,-0.119
2026-09-30,^HSI,20,24460.3,0.0047,-0.0792,0.0037,0.0904,0.529,-0.099
2026-09-30,^HSI,60,24460.3,0.0167,-0.1454,0.0149,0.1952,0.558,-0.037
2026-09-30,^TWII,5,48317.6,0.0013,-0.0419,0.0015,0.0453,0.522,0.159
2026-09-30,^TWII,20,48317.6,0.0077,-0.0841,0.0067,0.1063,0.541,0.123
2026-09-30,^TWII,60,48317.6,0.0192,-0.1541,0.0135,0.2132,0.551,0.069
2026-09-29,^NSEI,5,22716.2,0.0017,-0.0301,0.0017,0.0337,0.537,-0.212
2026-09-29,^NSEI,20,22716.2,0.0053,-0.0576,0.0045,0.07,0.551,-0.241
2026-09-29,^NSEI,60,22716.2,0.0186,-0.0871,0.0164,0.1289,0.602,-0.255
2026-09-30,^AXJO,5,8781.7,0.0017,-0.0246,0.0016,0.0282,0.546,-0.119
2026-09-30,^AXJO,20,8781.7,0.0049,-0.0512,0.0051,0.0595,0.558,-0.133
2026-09-30,^AXJO,60,8781.7,0.0144,-0.0838,0.0129,0.1175,0.587,-0.134
2026-09-29,^STOXX50E,5,6320.26,0.0013,-0.0279,0.0012,0.0313,0.525,-0.004
2026-09-29,^STOXX50E,20,6320.26,0.0048,-0.0608,0.0057,0.0722,0.561,0.022
2026-09-29,^STOXX50E,60,6320.26,0.0138,-0.1052,0.0125,0.1393,0.569,0.071
2026-09-29,^GDAXI,5,25399.2,0.0013,-0.0265,0.001,0.0294,0.52,-0.038
2026-09-29,^GDAXI,20,25399.2,0.005,-0.0624,0.0058,0.0697,0.554,-0.009
2026-09-29,^GDAXI,60,25399.2,0.0142,-0.1042,0.0116,0.141,0.568,0.051
2026-09-29,^FTSE,5,10636.7,0.0007,-0.0231,0.0009,0.025,0.521,-0.081
2026-09-29,^FTSE,20,10636.7,0.0048,-0.0472,0.0043,0.0582,0.555,-0.06
2026-09-29,^FTSE,60,10636.7,0.0134,-0.0784,0.0125,0.1058,0.596,-0.013
2026-09-29,^FCHI,5,8035.87,0.0013,-0.0258,0.0009,0.0302,0.523,-0.164
2026-09-29,^FCHI,20,8035.87,0.0047,-0.0562,0.0047,0.0693,0.548,-0.124
2026-09-29,^FCHI,60,8035.87,0.0144,-0.097,0.0115,0.1359,0.566,-0.042
2026-09-29,AAPL,5,329.4,0.0027,-0.0556,0.0025,0.0631,0.528,0.184
2026-09-29,AAPL,20,329.4,0.0109,-0.1072,0.0083,0.1397,0.544,0.188
2026-09-29,AAPL,60,329.4,0.0221,-0.1879,0.0114,0.2699,0.533,0.204
2026-09-29,MSFT,5,508.96,0.0016,-0.0686,0.0024,0.0709,0.525,0.2
2026-09-29,MSFT,20,508.96,0.008,-0.134,0.0041,0.1601,0.52,0.213
2026-09-29,MSFT,60,508.96,0.0234,-0.2335,0.0082,0.3377,0.516,0.246
2026-09-29,NVDA,5,227.21,0.0028,-0.0729,0.0023,0.0828,0.519,0.285
2026-09-29,NVDA,20,227.21,0.0131,-0.1545,0.0079,0.1949,0.529,0.295
2026-09-29,NVDA,60,227.21,0.0378,-0.2803,0.0212,0.4176,0.541,0.314
2026-09-29,AMZN,5,246.67,0.0015,-0.0782,0.0013,0.0865,0.509,0.056
2026-09-29,AMZN,20,246.67,0.007,-0.1551,0.0014,0.1855,0.505,0.077
2026-09-29,AMZN,60,246.67,0.02,-0.2829,-0.0001,0.3908,0.5,0.117
2026-09-29,GOOGL,5,340.92,0.0028,-0.073,0.0013,0.0845,0.511,0.148
2026-09-29,GOOGL,20,340.92,0.0123,-0.1366,0.0094,0.1783,0.538,0.169
2026-09-29,GOOGL,60,340.92,0.0291,-0.2411,0.0138,0.3497,0.529,0.207
2026-09-29,META,5,738.79,0.0032,-0.0951,0.0005,0.1092,0.504,0.181
2026-09-29,META,20,738.79,0.0103,-0.1777,0.0012,0.2213,0.504,0.17
2026-09-29,META,60,738.79,0.0329,-0.3022,0.0082,0.4592,0.515,0.165
2026-09-29,TSLA,5,352.84,0.0025,-0.1036,0.001,0.1159,0.506,-0.138
2026-09-29,TSLA,20,352.84,0.0083,-0.2405,-0.0026,0.2944,0.493,-0.128
2026-09-29,TSLA,60,352.84,0.0251,-0.3608,-0.0115,0.529,0.483,-0.105
2026-09-29,AVGO,5,355.1,0.0039,-0.0872,0.0026,0.1003,0.518,0.036
2026-09-29,AVGO,20,355.1,0.0116,-0.1763,0.0054,0.2207,0.514,0.085
2026-09-29,AVGO,60,355.1,0.0325,-0.3271,0.0033,0.4934,0.504,0.159
2026-09-29,BRK-B,5,502.35,0.0015,-0.0326,0.0015,0.0353,0.531,0.1
2026-09-29,BRK-B,20,502.35,0.0059,-0.0644,0.005,0.0798,0.547,0.11
2026-09-29,BRK-B,60,502.35,0.0163,-0.1177,0.0141,0.1583,0.573,0.133
2026-09-29,JPM,5,334.98,0.0015,-0.0577,0.001,0.0635,0.51,0.104
2026-09-29,JPM,20,334.98,0.0062,-0.1185,0.0027,0.1407,0.515,0.114
2026-09-29,JPM,60,334.98,0.0208,-0.1778,0.0138,0.2372,0.546,0.142
2026-09-29,LLY,5,1184.63,0.0023,-0.0822,0.0007,0.0895,0.505,0.186
2026-09-29,LLY,20,1184.63,0.0069,-0.1626,-0.0008,0.2025,0.498,0.2
2026-09-29,LLY,60,1184.63,0.026,-0.2796,0.0029,0.4,0.507,0.227
2026-09-29,XOM,5,161.35,0.0022,-0.065,0.0017,0.0722,0.516,0.207
2026-09-29,XOM,20,161.35,0.0072,-0.121,0.0038,0.147,0.522,0.202
2026-09-29,XOM,60,161.35,0.018,-0.1947,0.0089,0.2623,0.528,0.204
2026-09-29,WMT,5,106.8,0.0015,-0.0513,0.0004,0.057,0.508,-0.077
2026-09-29,WMT,20,106.8,0.0072,-0.1009,0.0058,0.1197,0.529,-0.058
2026-09-29,WMT,60,106.8,0.0187,-0.188,0.0112,0.2556,0.53,-0.017
2026-09-29,NFLX,5,70.3,0.0017,-0.0828,-0.0004,0.0923,0.497,-0.099
2026-09-29,NFLX,20,70.3,0.0103,-0.1997,0.002,0.2464,0.507,-0.065
2026-09-29,NFLX,60,70.3,0.0223,-0.2835,0.0006,0.4063,0.501,0
2026-09-29,AMD,5,607.57,0.0038,-0.1139,0.0012,0.1344,0.508,0.302
2026-09-29,AMD,20,607.57,0.0176,-0.22,0.007,0.2826,0.521,0.293
2026-09-29,AMD,60,607.57,0.048,-0.399,0.0044,0.6337,0.505,0.284
2026-09-30,005930.KS,5,271500,0.0019,-0.1141,-0.0004,0.1229,0.497,0.201
2026-09-30,005930.KS,20,271500,0.0121,-0.2616,0.0008,0.3221,0.501,0.231
2026-09-30,005930.KS,60,271500,0.0309,-0.3673,-0.0018,0.5397,0.498,0.278
2026-09-30,000660.KS,5,1792500,0.0033,-0.1299,0.0002,0.1534,0.5,0.139
2026-09-30,000660.KS,20,1792500,0.0152,-0.2581,-0.0022,0.35,0.495,0.197
2026-09-30,000660.KS,60,1792500,0.0353,-0.4005,-0.0112,0.63,0.488,0.274
2026-09-30,373220.KS,5,355000,0.0004,-0.099,-0.0027,0.1057,0.485,-0.102
2026-09-30,373220.KS,20,355000,0.0001,-0.2035,-0.0103,0.2285,0.474,-0.11
2026-09-30,373220.KS,60,355000,0.0069,-0.3418,-0.0145,0.4508,0.478,-0.115
2026-09-30,207940.KS,5,1400000,0.0014,-0.069,0.0005,0.0773,0.506,0.039
2026-09-30,207940.KS,20,1400000,0.0019,-0.1485,-0.0027,0.1737,0.489,0.065
2026-09-30,207940.KS,60,1400000,0.0098,-0.2426,-0.0021,0.3058,0.493,0.116
2026-09-30,005380.KS,5,347000,-0.0002,-0.074,-0.0013,0.077,0.489,-0.172
2026-09-30,005380.KS,20,347000,0.0036,-0.1669,-0.0033,0.1943,0.487,-0.16
2026-09-30,005380.KS,60,347000,0.0175,-0.2904,-0.0019,0.3912,0.494,-0.133
2026-09-30,035420.KS,5,194500,0.001,-0.0834,-0.0012,0.0876,0.49,-0.072
2026-09-30,035420.KS,20,194500,0.0015,-0.1825,-0.0059,0.2052,0.476,-0.035
2026-09-30,035420.KS,60,194500,0.0047,-0.3061,-0.0189,0.4094,0.465,0.024
2026-09-30,035720.KS,5,33800,0.0011,-0.0909,0,0.0982,0.5,-0.121
2026-09-30,035720.KS,20,33800,0.0048,-0.1864,-0.0038,0.2171,0.49,-0.083
2026-09-30,035720.KS,60,33800,0.0115,-0.3073,-0.0091,0.404,0.482,-0.022
2026-09-30,105560.KS,5,171700,0.0016,-0.0765,0.0015,0.0832,0.51,0.164
2026-09-30,105560.KS,20,171700,0.0079,-0.1645,0.0013,0.1985,0.505,0.177
2026-09-30,105560.KS,60,171700,0.0263,-0.2647,0.0107,0.3772,0.519,0.198
2026-09-30,012450.KS,5,1016000,-0.0009,-0.1269,-0.005,0.1361,0.476,-0.068
2026-09-30,012450.KS,20,1016000,0.0047,-0.2452,-0.0088,0.2948,0.478,-0.036
2026-09-30,012450.KS,60,1016000,0.0177,-0.4025,-0.0246,0.5876,0.468,0.017
2026-09-30,247540.KQ,5,108600,-0.0003,-0.1528,-0.0045,0.1668,0.48,-0.069
2026-09-30,247540.KQ,20,108600,0.0043,-0.29,-0.0174,0.3619,0.47,-0.07
2026-09-30,247540.KQ,60,108600,0.0191,-0.463,-0.0387,0.701,0.451,-0.073
2026-09-30,7203.T,5,2896.5,0.0009,-0.0736,-0.0008,0.0788,0.492,-0.073
2026-09-30,7203.T,20,2896.5,0.0029,-0.1493,-0.0007,0.1707,0.497,-0.056
2026-09-30,7203.T,60,2896.5,0.008,-0.2556,-0.0022,0.3093,0.492,-0.017
2026-09-30,6758.T,5,3728,0.0016,-0.0691,0.001,0.0755,0.509,0.063
2026-09-30,6758.T,20,3728,0.0073,-0.1374,0.0029,0.1668,0.512,0.077
2026-09-30,6758.T,60,3728,0.0246,-0.247,0.0103,0.3369,0.525,0.112
2026-09-30,8035.T,5,11750,0.0026,-0.1128,0.0017,0.1238,0.51,0.268
2026-09-30,8035.T,20,11750,0.0102,-0.2215,0.0014,0.2727,0.504,0.269
2026-09-30,8035.T,60,11750,0.0208,-0.3634,-0.01,0.5094,0.486,0.285
2026-09-30,0700.HK,5,425.4,0.0011,-0.0713,0.0001,0.0783,0.502,-0.044
2026-09-30,0700.HK,20,425.4,0.0042,-0.1417,0.0003,0.1613,0.502,-0.013
2026-09-30,0700.HK,60,425.4,0.0127,-0.2465,0.0046,0.3033,0.508,0.039
2026-09-30,9988.HK,5,106.4,0.002,-0.0885,0.0016,0.097,0.513,-0.055
2026-09-30,9988.HK,20,106.4,0.0094,-0.1691,0.0031,0.2089,0.509,-0.053
2026-09-30,9988.HK,60,106.4,0.0227,-0.2964,0.0011,0.4321,0.502,-0.033
2026-09-30,1211.HK,5,74.7,0.0017,-0.0752,0.0009,0.0812,0.506,-0.201
2026-09-30,1211.HK,20,74.7,0.0057,-0.1502,-0.0009,0.183,0.496,-0.169
2026-09-30,1211.HK,60,74.7,0.0133,-0.2571,-0.0043,0.3342,0.491,-0.114
2026-09-30,2330.TW,5,2505,0.0017,-0.0599,0.0009,0.0663,0.507,0.273
2026-09-30,2330.TW,20,2505,0.0076,-0.1281,0.005,0.1539,0.525,0.29
2026-09-30,2330.TW,60,2505,0.0204,-0.2223,0.008,0.295,0.52,0.323
2026-09-28,ASML.AS,5,1537,0.0021,-0.0852,0,0.0953,0.5,0.342
2026-09-28,ASML.AS,20,1537,0.0104,-0.1655,0.0046,0.2063,0.515,0.336
2026-09-28,ASML.AS,60,1537,0.0294,-0.2735,0.0128,0.3906,0.526,0.339
2026-09-28,SAP.DE,5,184.02,0.0005,-0.0626,0.0004,0.0641,0.503,0.088
2026-09-28,SAP.DE,20,184.02,0.0048,-0.1649,0.0019,0.1925,0.505,0.11
2026-09-28,SAP.DE,60,184.02,0.017,-0.2389,0.0047,0.3152,0.51,0.152
2026-09-28,NOVO-B.CO,5,252.25,0.0022,-0.0886,0.0004,0.1002,0.503,-0.189
2026-09-28,NOVO-B.CO,20,252.25,0.006,-0.1809,0.0001,0.2133,0.5,-0.13
2026-09-28,NOVO-B.CO,60,252.25,0.0243,-0.3184,-0.0001,0.4496,0.5,-0.048
2026-09-28,MC.PA,5,398.8,0.0001,-0.0638,-0.0003,0.0648,0.495,-0.188
2026-09-28,MC.PA,20,398.8,0.001,-0.1248,-0.0002,0.139,0.497,-0.139
2026-09-28,MC.PA,60,398.8,0.0085,-0.2122,-0.0025,0.269,0.493,-0.06
2026-09-28,SHEL.L,5,3654.5,0.0022,-0.045,0.0019,0.0519,0.526,0.289
2026-09-28,SHEL.L,20,3654.5,0.0062,-0.0878,0.0038,0.1083,0.526,0.271
2026-09-28,SHEL.L,60,3654.5,0.0159,-0.1457,0.0129,0.1987,0.545,0.258
2026-09-29,RELIANCE.NS,5,1182,0.0015,-0.0472,0.0015,0.0505,0.518,-0.126
2026-09-29,RELIANCE.NS,20,1182,0.007,-0.0978,0.0049,0.1175,0.529,-0.1
2026-09-29,RELIANCE.NS,60,1182,0.0224,-0.1452,0.0154,0.2109,0.557,-0.052
